Actor,Movies,Gender,Country,Role,url,NumLines
Christian Bale,3:10 to Yuma,Male,United Kingdom,Dan Evans,http://www.cinefile.biz/script/yuma2010.pdf,529
Russell Crowe,3:10 to Yuma,Male,New Zealand,Ben Wade,http://www.cinefile.biz/script/yuma2010.pdf,49
Danny Huston,30 Days of Night,Male,Italy,Marlow,http://www.horrorlair.com/movies/scripts/30_Days_of_Night.pdf,93
Melissa George,30 Days of Night,Female,Australia,Stella Oleson,http://www.horrorlair.com/movies/scripts/30_Days_of_Night.pdf,358
Chiwetel Ejiofor,American Gangster,Male,United Kingdom,Huey Lucas,http://www.imsdb.com/scripts/American-Gangster.html,1
Russell Crowe,American Gangster,Male,New Zealand,Richie Roberts,http://www.imsdb.com/scripts/American-Gangster.html,464
Brenda Blethyn,Atonement,Female,United Kingdom,Grace Turner,http://www.joblo.com/scripts/Atonement_Script.pdf,20
James Mcavoy,Atonement,Male,United Kingdom,Robbie Turner,http://www.joblo.com/scripts/Atonement_Script.pdf,300
Keira Knightley,Atonement,Female,United Kingdom,Cecilia Tallis,http://www.joblo.com/scripts/Atonement_Script.pdf,236
Carrie-Anne Moss,Disturbia,Female,Canada,Julie,http://www.imsdb.com/scripts/Disturbia.html,101
Amy Adams,Enchanted,Female,Italy,Giselle,http://www.fanpop.com/clubs/giselle/articles/46518/title/enchanted-script,364
Ioan Gruffudd,Fantastic Four: Rise of the Silver Surfer,Male,United Kingdom,Mr. Fantastic /              Reed Richards,https://sfy.ru/?script=fantastic_four_2005,584
Anthony Hopkins,Fracture,Male,United Kingdom,Ted Crawford,http://www.dailyscript.com/scripts/fracture.pdf,79
Ryan Gosling,Fracture,Male,Canada,Willy Beachum,http://www.dailyscript.com/scripts/fracture.pdf,805
Malcolm Mcdowell,Halloween,Male,United Kingdom,Dr. Samuel Loomis,http://www.dailyscript.com/scripts/halloween.html,151
Tyler Mane,Halloween,Male,Canada,Michael Myers,http://www.dailyscript.com/scripts/halloween.html,14
Martin Freeman,Hot Fuzz,Male,United Kingdom,Met Sergeant,http://scriptslug.com/assets/uploads/scripts/hot-fuzz-2007.pdf,126
Nick Frost,Hot Fuzz,Male,United Kingdom,PC Danny Butterman,http://scriptslug.com/assets/uploads/scripts/hot-fuzz-2007.pdf,449
Simon Pegg,Hot Fuzz,Male,United Kingdom,Nicholas Angel,http://scriptslug.com/assets/uploads/scripts/hot-fuzz-2007.pdf,934
Alice Braga,I Am Legend,Female,Brazil,Anna,http://www.horrorlair.com/scripts/legend.txt,230
Ellen Page,Juno,Female,Canada,Juno MacGuff,http://www.imsdb.com/scripts/Juno.html,623
Michael Cera,Juno,Male,Canada,Paulie Bleeker,http://www.imsdb.com/scripts/Juno.html,23
Seth Rogen,Knocked Up,Male,Canada,Ben Stone,http://www.imsdb.com/scripts/Knocked-Up.html,830
Tilda Swinton,Michael Clayton,Female,United Kingdom,Karen Crowder,http://www.pages.drexel.edu/~i022/splaylib/Screenplay-Michael_Clayton.pdf,137
Tom Wilkinson,Michael Clayton,Male,United Kingdom,Arthur Edens,http://www.pages.drexel.edu/~i022/splaylib/Screenplay-Michael_Clayton.pdf,212
Javier Bardem,No Country for Old Men,Male,Spain,Anton Chigurh,http://www.pages.drexel.edu/~i022/splaylib/Screenplay-No_Country_for_Old_Men.pdf,225
Thandie Newton,Norbit,Female,United Kingdom,Kate Thomas,https://www.scribd.com/doc/508109/norbit,
Keira Knightley,Pirates of the Caribbean: At World's End,Female,United Kingdom,Elizabeth Swann,http://school.wikia.com/wiki/Pirates_Of_The_Caribbean:_At_World%27s_End_Transcript,163
Orlando Bloom,Pirates of the Caribbean: At World's End,Male,United Kingdom,Will Turner,http://school.wikia.com/wiki/Pirates_Of_The_Caribbean:_At_World%27s_End_Transcript,295
Mike Myers,Shrek the Third,Male,Canada,Shrek       (voice),http://www.joblo.com/scripts/script_shrekthethird.pdf,678
Charlie Cox,Stardust,Male,United Kingdom,Tristan Thorn,http://downloads.bbc.co.uk/writersroom/scripts/Stardust-Studio-Script.pdf,450
Michael Cera,Superbad,Male,Canada,Evan,http://scriptslug.com/assets/uploads/scripts/superbad-2007.pdf,460
Alan Rickman,Sweeney Todd: The Demon Barber of Fleet Street,Male,United Kingdom,Judge Turpin,http://www.imsdb.com/scripts/Sweeney-Todd-The-Demon-Barber-of-Fleet-Street.html,145
Helena Bonham Carter,Sweeney Todd: The Demon Barber of Fleet Street,Female,United Kingdom,Mrs. Lovett,http://www.imsdb.com/scripts/Sweeney-Todd-The-Demon-Barber-of-Fleet-Street.html,319
Naveen Andrews,The Brave One,Male,United Kingdom,David Kirmani,http://www.joblo.com/scripts/the_brave_one.pdf,79
Dakota Blue Richards,The Golden Compass,Female,United Kingdom,Lyra,https://www.scribd.com/doc/52004884/Chris-Weitz-First-Draft-of-The-Golden-Compass#download,1103
Daniel Craig,The Golden Compass,Male,United Kingdom,Lord Asriel,https://www.scribd.com/doc/52004884/Chris-Weitz-First-Draft-of-The-Golden-Compass#download,150
Jim Carrey,The Number 23,Male,Canada,Walter Sparrow /              Fingerling,http://www.horrorlair.com/movies/scripts/The-Number-23.pdf,546
Daniel Day-Lewis,There Will Be Blood,Male,United Kingdom,Daniel Plainview,http://www.hollywoodchicago.com/uploaded_images/therewillbeblood_script.pdf,
Mako,TMNT,Male,Japan,Splinter       (voice),http://www.imsdb.com/scripts/TMNT.html,104
Patrick Stewart,TMNT,Male,United Kingdom,Winters       (voice),http://www.imsdb.com/scripts/TMNT.html,182
Kate Beckinsale,Vacancy,Female,United Kingdom,Amy Fox,http://www.horrorlair.com/movies/scripts/Vacancy.pdf,554
Joaquin Phoenix,We Own the Night,Male,Puerto Rico,Bobby Green,http://www.imsdb.com/scripts/We-Own-the-Night.html,1011
Martin Lawrence,Wild Hogs,Male,Germany,Bobby Davis,http://www.awesomefilm.com/script/WILD-HOGS_Copeland.pdf,
Marco Khan,"10,000 BC",Male,Iran,One-Eye,"http://www.dailyscript.com/scripts/10,000BC.pdf",50
Mark Strong,Body of Lies,Male,United Kingdom,Hani,http://blogimages.bloggen.be/bioscoop/attach/30671.pdf,229
Russell Crowe,Body of Lies,Male,New Zealand,Ed Hoffman,http://blogimages.bloggen.be/bioscoop/attach/30671.pdf,241
Amy Adams,Doubt,Female,Italy,Sister James,https://www.scriptdelivery.net/source/resources/screenplays/Doubt.pdf,259
Cate Blanchett,Indiana Jones and the Kingdom of the Crystal Skull,Female,Australia,Irina Spalko,http://www.cinefile.biz/script/indy4b.pdf,7
Hayden Christensen,Jumper,Male,Canada,David Rice,http://www.joblo.com/scripts/Jumper.pdf,
Jamie Bell,Jumper,Male,United Kingdom,Griffin,http://www.joblo.com/scripts/Jumper.pdf,
Ian Mcshane,Kung Fu Panda,Male,United Kingdom,Tai Lung       (voice),http://www.imsdb.com/scripts/Kung-Fu-Panda.html,151
Mila Kunis,Max Payne,Female,Ukraine,Mona Sax,http://www.dailyscript.com/scripts/maxpayne.pdf,123
Kiefer Sutherland,Mirrors,Male,United Kingdom,Ben Carson,http://www.imsdb.com/scripts/Mirrors.html,590
Seth Rogen,Pineapple Express,Male,Canada,Dale Denton,http://www.imsdb.com/scripts/Pineapple-Express.html,760
Kim Cattrall,Sex and the City,Female,United Kingdom,Samantha Jones,http://www.imsdb.com/scripts/Sex-and-the-City.html,364
Dev Patel,Slumdog Millionaire,Male,United Kingdom,Older Jamal,http://www.imsdb.com/scripts/Slumdog-Millio0ire.html,807
Freida Pinto,Slumdog Millionaire,Female,India,Older Latika,http://www.imsdb.com/scripts/Slumdog-Millio0ire.html,193
Saurabh Shukla,Slumdog Millionaire,Male,India,Sergeant Srinivas,http://www.imsdb.com/scripts/Slumdog-Millio0ire.html,52
Ben Barnes,The Chronicles of Narnia: Prince Caspian,Male,United Kingdom,Prince Caspian,http://www.0rniaweb.com/features/Prince-Caspian-Movie-Script.pdf,116
Georgie Henley,The Chronicles of Narnia: Prince Caspian,Female,United Kingdom,Lucy Pevensie,http://www.0rniaweb.com/features/Prince-Caspian-Movie-Script.pdf,142
Skandar Keynes,The Chronicles of Narnia: Prince Caspian,Male,United Kingdom,Edmund Pevensie,http://www.0rniaweb.com/features/Prince-Caspian-Movie-Script.pdf,97
Cate Blanchett,The Curious Case of Benjamin Button,Female,Australia,Daisy,"http://www.imsdb.com/scripts/Curious-Case-of-Benjamin-Button,-The.html",515
Christian Bale,The Dark Knight,Male,United Kingdom,Bruce Wayne,http://www.pages.drexel.edu/~i022/splaylib/Screenplay-Dark_Knight.HTM,256
Heath Ledger,The Dark Knight,Male,Australia,Joker,http://www.pages.drexel.edu/~i022/splaylib/Screenplay-Dark_Knight.HTM,347
Keanu Reeves,The Day the Earth Stood Still,Male,Lebanon,Klaatu,http://www.dailyscript.com/scripts/the_day_the_earth_stood_still.html,480
Tim Roth,The Incredible Hulk,Male,United Kingdom,Emil Blonsky,"http://www.screenplaysandscripts.com/script_files/I/INCREDIBLE%20HULK,%20THE%20-%20Ed%20Norton.pdf",167
Jet Li,The Mummy: Tomb of the Dragon Emperor,Male,China,Emperor,http://pdfscripts.weebly.com/uploads/9/1/6/8/916864/the_mummy_iii.pdf,
Eric Bana,The Other Boleyn Girl,Male,Australia,Henry Tudor,"http://www.imsdb.com/scripts/Other-Boleyn-Girl,-The.html",331
Natalie Portman,The Other Boleyn Girl,Female,Israel,Anne Boleyn,"http://www.imsdb.com/scripts/Other-Boleyn-Girl,-The.html",528
Kate Winslet,The Reader,Female,United Kingdom,Hanna Schmitz,http://www.dailyscript.com/scripts/The_Reader.pdf,304
Ralph Fiennes,The Reader,Male,United Kingdom,Michael Berg,http://www.dailyscript.com/scripts/The_Reader.pdf,516
Gemma Ward,The Strangers,Female,Australia,Dollface,http://www.scriptreaderpro.com/wp-content/uploads/2015/05/Strangers-The.pdf,0
Scott Speedman,The Strangers,Male,United Kingdom,James Hoyt,http://www.scriptreaderpro.com/wp-content/uploads/2015/05/Strangers-The.pdf,530
Bill Nighy,Valkyrie,Male,United Kingdom,General Friedrich Olbricht,http://www.imsdb.com/scripts/Valkyrie.html,4
Carice Van Houten,Valkyrie,Female,Netherlands,Nina von Stauffenberg,http://www.imsdb.com/scripts/Valkyrie.html,38
James Mcavoy,Wanted,Male,United Kingdom,Wesley,http://www.imsdb.com/scripts/Wanted.html,703
Jim Carrey,Yes Man,Male,Canada,Carl,http://www.imsdb.com/scripts/Yes-Man.html,1113
Chiwetel Ejiofor,2012,Male,United Kingdom,Adrian Helmsley,http://www.imsdb.com/scripts/2012.html,250
Thandie Newton,2012,Female,United Kingdom,Laura Wilson,http://www.imsdb.com/scripts/2012.html,99
Ayelet Zurer,Angels & Demons,Female,Israel,Vittoria Vetra,http://www.imsdb.com/scripts/Angels-&-Demons.html,219
Ewan Mcgregor,Angels & Demons,Male,United Kingdom,Camerlengo Patrick McKenna,http://www.imsdb.com/scripts/Angels-&-Demons.html,196
Sam Worthington,Avatar,Male,United Kingdom,Jake Sully,http://www.imsdb.com/scripts/Avatar.html,911
Natalie Portman,Brothers,Female,Israel,Grace Cahill,http://www.joblo.com/scripts/Brothers.pdf,
Seth Rogen,Funny People,Male,Canada,Ira Wright,http://www.imsdb.com/scripts/Funny-People.html,631
Gerard Butler,Gamer,Male,United Kingdom,Kable,http://www.imsdb.com/scripts/Gamer.html,597
Malcolm Mcdowell,Halloween II,Male,United Kingdom,Dr. Samuel Loomis,http://www.horrorlair.com/scripts/h2script.txt,115
Tyler Mane,Halloween II,Male,Canada,Michael Myers,http://www.horrorlair.com/scripts/h2script.txt,79
Daniel Radcliffe,Harry Potter and the Half-Blood Prince,Male,United Kingdom,Harry Potter,http://www.pages.drexel.edu/~i022/splaylib/Screenplay-Harry_Potter_And_The_Half_Blood_Prince.pdf,963
Emma Watson,Harry Potter and the Half-Blood Prince,Female,France,Hermione Granger,http://www.pages.drexel.edu/~i022/splaylib/Screenplay-Harry_Potter_And_The_Half_Blood_Prince.pdf,263
Rupert Grint,Harry Potter and the Half-Blood Prince,Male,United Kingdom,Ron Weasley,http://www.pages.drexel.edu/~i022/splaylib/Screenplay-Harry_Potter_And_The_Half_Blood_Prince.pdf,312
Diane Kruger,Inglourious Basterds,Female,Germany,Bridget von Hammersmark,http://www.pages.drexel.edu/~i022/splaylib/Screenplay-Inglourious_Bastards.pdf,123
Gerard Butler,Law Abiding Citizen,Male,United Kingdom,Clyde Shelton,http://www.imsdb.com/scripts/Law-Abiding-Citizen.html,316
Amy Adams,Night at the Museum: Battle of the Smithsonian,Female,Italy,Amelia Earhart,http://screenplayexplorer.com/wp-content/scripts/night-at-the-museum.pdf,
Daniel Day-Lewis,Nine,Male,United Kingdom,Guido Contini,http://www.imsdb.com/scripts/Nine.html,695
Marion Cotillard,Nine,Female,France,Luisa Contini,http://www.imsdb.com/scripts/Nine.html,129
Naomie Harris,Ninja Assassin,Female,United Kingdom,Mika,http://www.joblo.com/scripts/Ninja%20Assassin.pdf,316
Rain,Ninja Assassin,Male,South Korea,Raizo,http://www.joblo.com/scripts/Ninja%20Assassin.pdf,340
Seth Rogen,Observe and Report,Male,Canada,Ronnie,http://www.imsdb.com/scripts/Observe-and-Report.html,1019
Idris Elba,Obsessed,Male,United Kingdom,Derek,http://www.imsdb.com/scripts/Obsessed.html,649
Christian Bale,Public Enemies,Male,United Kingdom,Melvin Purvis,http://www.imsdb.com/scripts/Public-Enemies.html,12
Jude Law,Sherlock Holmes,Male,United Kingdom,Dr. John Watson,http://www.imsdb.com/scripts/Sherlock-Holmes.html,546
Rachel Mcadams,Sherlock Holmes,Female,Canada,Irene Adler,http://www.imsdb.com/scripts/Sherlock-Holmes.html,225
Sarah Polley,Splice,Female,Canada,Elsa Kast,http://www.joblo.com/scripts/splice.pdf,858
Bruce Willis,Surrogates,Male,West Germany,Greer,http://www.imsdb.com/scripts/Surrogates.html,717
Radha Mitchell,Surrogates,Female,Australia,Peters,http://www.imsdb.com/scripts/Surrogates.html,288
Anton Yelchin,Terminator Salvation,Male,Russia,Kyle Reese,http://www.imsdb.com/scripts/Termi0tor-Salvation.html,151
Christian Bale,Terminator Salvation,Male,United Kingdom,John Connor,http://www.imsdb.com/scripts/Termi0tor-Salvation.html,20
Sam Worthington,Terminator Salvation,Male,United Kingdom,Marcus Wright,http://www.imsdb.com/scripts/Termi0tor-Salvation.html,613
Elias Koteas,The Fourth Kind,Male,Canada,Abel Campos,http://www.joblo.com/scripts/The%20Fourth%20Kind.pdf,
Milla Jovovich,The Fourth Kind,Female,Ukraine,Abbey Tyler /              Herself,http://www.joblo.com/scripts/The%20Fourth%20Kind.pdf,
Elias Koteas,The Haunting in Connecticut,Male,Canada,Reverend Popescu,http://www.horrorlair.com/scripts/The-Haunting-In-Connecticut.pdf,120
Ricky Gervais,The Invention of Lying,Male,United Kingdom,Mark Bellison,"http://www.imsdb.com/scripts/Invention-of-Lying,-The.html",860
Ewan Mcgregor,The Men Who Stare at Goats,Male,United Kingdom,Bob Wilton,"http://www.imsdb.com/scripts/Men-Who-Stare-at-Goats,-The.html",582
Eric Bana,The Time Traveler's Wife,Male,Australia,Henry,http://aquilamorongstudio.com/wp-content/uploads/2012/03/Time-Travelers-Wife.pdf,802
Rachel Mcadams,The Time Traveler's Wife,Female,Canada,Clare,http://aquilamorongstudio.com/wp-content/uploads/2012/03/Time-Travelers-Wife.pdf,547
Robert Pattinson,The Twilight Saga: New Moon,Male,United Kingdom,Edward Cullen,http://www.imsdb.com/scripts/Twilight-New-Moon.html,330
Gerard Butler,The Ugly Truth,Male,United Kingdom,Mike Chadway,http://www.joblo.com/scripts/The%20Ugly%20Truth.pdf,550
Catherine O'Hara,Where the Wild Things Are,Female,Canada,Judith       (voice),http://www.pages.drexel.edu/~i022/splaylib/Screenplay-Where_The_Wild_Things_Are.pdf,154
Hugh Jackman,X-Men Origins: Wolverine,Male,Australia,Logan /              Wolverine,http://www.imsdb.com/scripts/X-Men-Origins-Wolverine.html,530
Ryan Reynolds,X-Men Origins: Wolverine,Male,Canada,Wade Wilson,http://www.imsdb.com/scripts/X-Men-Origins-Wolverine.html,0
Michael Cera,Year One,Male,Canada,Oh,http://www.imsdb.com/scripts/Year-One.html,152
Helena Bonham Carter,Alice in Wonderland,Female,United Kingdom,Red Queen,http://moviecultists.com/wp-content/uploads/screenplays/alice-in-wonderland.pdf,102
Mia Wasikowska,Alice in Wonderland,Female,Australia,Alice Kingsleigh,http://moviecultists.com/wp-content/uploads/screenplays/alice-in-wonderland.pdf,457
Mila Kunis,Black Swan,Female,Ukraine,Lily /              The Black Swan,http://moviecultists.com/wp-content/uploads/screenplays/black-swan.pdf,217
Natalie Portman,Black Swan,Female,Israel,Nina Sayers /              The Swan Queen,http://moviecultists.com/wp-content/uploads/screenplays/black-swan.pdf,751
Vincent Cassel,Black Swan,Male,France,Thomas Leroy /              The Gentleman,http://moviecultists.com/wp-content/uploads/screenplays/black-swan.pdf,10
Alan Cumming,Burlesque,Male,United Kingdom,Alexis,http://www.imsdb.com/scripts/Burlesque.html,10
Bruce Willis,Cop Out,Male,West Germany,Jimmy,http://www.joblo.com/scripts/Cop%20Out.pdf,
Russell Brand,Despicable Me,Male,United Kingdom,Dr. Nefario       (voice),http://www.pages.drexel.edu/~i022/splaylib/Screenplay-Despicable_Me.pdf,89
Javier Bardem,Eat Pray Love,Male,Spain,NA,https://www.scribd.com/doc/59368253/Script-Eat-Pray-Love,
Danny Huston,Edge of Darkness,Male,Italy,Jack Bennett,http://www.joblo.com/scripts/Edge%20of%20Darkness.pdf,
Ray Winstone,Edge of Darkness,Male,United Kingdom,Jedburgh,http://www.joblo.com/scripts/Edge%20of%20Darkness.pdf,
Daniel Radcliffe,Harry Potter and the Deathly Hallows: Part 1,Male,United Kingdom,Harry Potter,http://www.gazette-du-sorcier.com/IMG/pdf/Harry_Potter_and_the_Deathly_Hallows_-_Part_1.pdf,923
Emma Watson,Harry Potter and the Deathly Hallows: Part 1,Female,France,Hermione Granger,http://www.gazette-du-sorcier.com/IMG/pdf/Harry_Potter_and_the_Deathly_Hallows_-_Part_1.pdf,508
Rupert Grint,Harry Potter and the Deathly Hallows: Part 1,Male,United Kingdom,Ron Weasley,http://www.gazette-du-sorcier.com/IMG/pdf/Harry_Potter_and_the_Deathly_Hallows_-_Part_1.pdf,417
Ellen Page,Inception,Female,Canada,Ariadne,http://www.imsdb.com/scripts/Inception.html,333
Aaron Taylor-Johnson,Kick-Ass,Male,United Kingdom,Dave Lizewski /              Kick-Ass       (as Aaron Johnson),http://www.joblo.com/scripts/Kick-Ass.pdf,563
Matthew Goode,Leap Year,Male,United Kingdom,Declan,http://www.joblo.com/scripts/Leap%20Year.pdf,485
Kevin Mckidd,Percy Jackson & the Olympians: The Lightning Thief,Male,United Kingdom,Poseidon,http://screenplayexplorer.com/wp-content/scripts/The_Lightning_Thief.pdf,
Steve Coogan,Percy Jackson & the Olympians: The Lightning Thief,Male,United Kingdom,Hades,http://screenplayexplorer.com/wp-content/scripts/The_Lightning_Thief.pdf,
Ben Kingsley,Prince of Persia: The Sands of Time,Male,United Kingdom,Nizam,http://www.dailyscript.com/scripts/GetHimToTheGreek.pdf,241
Gemma Arterton,Prince of Persia: The Sands of Time,Female,United Kingdom,Tamina,http://www.dailyscript.com/scripts/GetHimToTheGreek.pdf,449
Milla Jovovich,Resident Evil: Afterlife,Female,Ukraine,Alice,http://screenplayexplorer.com/wp-content/scripts/Resident-Evil-Extinction.pdf,
Wentworth Miller,Resident Evil: Afterlife,Male,United Kingdom,Chris Redfield,http://screenplayexplorer.com/wp-content/scripts/Resident-Evil-Extinction.pdf,
Chiwetel Ejiofor,Salt,Male,United Kingdom,Peabody,http://www.joblo.com/scripts/Salt.pdf,138
Michael Cera,Scott Pilgrim vs. the World,Male,Canada,Scott Pilgrim,http://www.imsdb.com/scripts/Scott-Pilgrim-vs-the-World.html,923
Alice Eve,She's Out of My League,Female,United Kingdom,Molly,http://www.imsdb.com/scripts/She's-Out-of-My-League.html,357
Jay Baruchel,She's Out of My League,Male,Canada,Kirk,http://www.imsdb.com/scripts/She's-Out-of-My-League.html,789
Emily Mortimer,Shutter Island,Female,United Kingdom,Rachel 1,http://www.joblo.com/scripts/Shutter%20Island.pdf,
Liam Neeson,The A-Team,Male,United Kingdom,Hannibal,http://www.joblo.com/scripts/The%20A-Team.pdf,
Sharlto Copley,The A-Team,Male,South Africa,Murdock,http://www.joblo.com/scripts/The%20A-Team.pdf,
Paolo Bonacelli,The American,Male,Italy,Father Benedetto,"http://www.pages.drexel.edu/~i022/splaylib/Screenplay-American,_The.pdf",107
Violante Placido,The American,Female,Italy,Clara,"http://www.pages.drexel.edu/~i022/splaylib/Screenplay-American,_The.pdf",225
Mila Kunis,The Book of Eli,Female,Ukraine,Solara,"http://www.imsdb.com/scripts/Book-of-Eli,-The.html",310
Ray Stevenson,The Book of Eli,Male,United Kingdom,Redridge,"http://www.imsdb.com/scripts/Book-of-Eli,-The.html",124
Gerard Butler,The Bounty Hunter,Male,United Kingdom,Milo Boyd,"http://www.imsdb.com/scripts/Bounty-Hunter,-The.html",777
Radha Mitchell,The Crazies,Female,Australia,Judy,http://www.joblo.com/scripts/The%20Crazies.pdf,300
Helen Mirren,The Debt,Female,United Kingdom,Rachel Singer,http://academy.filminfocus.com/scripts/the_debt_screenplay.pdf,653
Sam Worthington,The Debt,Male,United Kingdom,Young David,http://academy.filminfocus.com/scripts/the_debt_screenplay.pdf,307
Tom Wilkinson,The Debt,Male,United Kingdom,Stephan Gold,http://academy.filminfocus.com/scripts/the_debt_screenplay.pdf,341
Jason Statham,The Expendables,Male,United Kingdom,Lee Christmas,http://www.joblo.com/scripts/expendables.pdf,4
Jet Li,The Expendables,Male,China,Yin Yang,http://www.joblo.com/scripts/expendables.pdf,121
Colin Firth,The King's Speech,Male,United Kingdom,King George VI,"http://www.imsdb.com/scripts/King's-Speech,-The.html",28
Geoffrey Rush,The King's Speech,Male,Australia,Lionel Logue,"http://www.imsdb.com/scripts/King's-Speech,-The.html",429
Helena Bonham Carter,The King's Speech,Female,United Kingdom,Queen Elizabeth,"http://www.imsdb.com/scripts/King's-Speech,-The.html",125
Jackson Rathbone,The Last Airbender,Male,Singapore,Sokka,http://avatar.wikia.com/wiki/Transcript:The_Last_Airbender,102
Idris Elba,The Losers,Male,United Kingdom,Roque,"http://www.imsdb.com/scripts/Losers,-The.html",257
Russell Crowe,The Next Three Days,Male,New Zealand,John Brennan,http://screenplayexplorer.com/wp-content/scripts/The-Next-Three-Days.pdf,860
Alfred Molina,The Sorcerer's Apprentice,Male,United Kingdom,Horvath,http://www.joblo.com/scripts/sorcerer.pdf,
Jay Baruchel,The Sorcerer's Apprentice,Male,Canada,Dave,http://www.joblo.com/scripts/sorcerer.pdf,
Paul Bettany,The Tourist,Male,United Kingdom,Inspector John Acheson,"http://www.imsdb.com/scripts/Tourist,-The.html",3
Rebecca Hall,The Town,Female,United Kingdom,Claire Keesey,http://moviecultists.com/wp-content/uploads/screenplays/town.pdf,356
Anthony Hopkins,The Wolfman,Male,United Kingdom,Sir John Talbot,http://www.joblo.com/scripts/The%20Wolfman.pdf,
Emily Blunt,The Wolfman,Female,United Kingdom,Gwen Conliffe,http://www.joblo.com/scripts/The%20Wolfman.pdf,
Carey Mulligan,Wall Street: Money Never Sleeps,Female,United Kingdom,Winnie Gekko,http://www.imsdb.com/scripts/Wall-Street-Money-Never-Sleeps.html,141
Seth Rogen,50/50,Male,Canada,Kyle,http://www.imsdb.com/scripts/50-50.html,222
Helen Mirren,Arthur,Female,United Kingdom,Hobson,http://www.imsdb.com/scripts/Arthur.html,219
Russell Brand,Arthur,Male,United Kingdom,Arthur,http://www.imsdb.com/scripts/Arthur.html,829
Bill Nighy,Arthur Christmas,Male,United Kingdom,Grandsanta       (voice),https://wikileaks.org/sony/docs/03_03/Mktrsch/Market%20Research/Scripts/Released/Arthur%20Christmas%2011-Feb-10.pdf,
James Mcavoy,Arthur Christmas,Male,United Kingdom,Arthur       (voice),https://wikileaks.org/sony/docs/03_03/Mktrsch/Market%20Research/Scripts/Released/Arthur%20Christmas%2011-Feb-10.pdf,
Jim Broadbent,Arthur Christmas,Male,United Kingdom,Santa       (voice),https://wikileaks.org/sony/docs/03_03/Mktrsch/Market%20Research/Scripts/Released/Arthur%20Christmas%2011-Feb-10.pdf,
Hugo Weaving,Captain America: The First Avenger,Male,Nigeria,Johann Schmidt /              Red Skull,http://transcripts.wikia.com/wiki/Captain_America:_The_First_Avenger,45
Michael Caine,Cars 2,Male,United Kingdom,Finn McMissile       (voice),http://www.imsdb.com/scripts/Cars-2.html,296
Rose Mcgowan,Conan the Barbarian,Female,Italy,Marique,http://www.imsdb.com/scripts/Co0n-the-Barbarian.html,0
Ryan Gosling,"Crazy, Stupid, Love.",Male,Canada,Jacob,"http://www.imsdb.com/scripts/Crazy,-Stupid,-Love.html",319
Carey Mulligan,Drive,Female,United Kingdom,Irene,http://www.imsdb.com/scripts/Drive.html,211
Ryan Gosling,Drive,Male,Canada,Driver,http://www.imsdb.com/scripts/Drive.html,600
Mila Kunis,Friends with Benefits,Female,Ukraine,Jamie,https://wikileaks.org/sony/docs/03_03/Mktrsch/Market%20Research/Scripts/Released/Friends%20with%20Benefits.pdf,538
Ryan Reynolds,Green Lantern,Male,Canada,Hal Jordan /              Green Lantern,https://indiegroundfilms.files.wordpress.com/2014/01/green-lantern-jun09-08-1st.pdf,520
Cate Blanchett,Hanna,Female,Australia,Marissa Wiegler,http://www.imsdb.com/scripts/Han0.html,305
Eric Bana,Hanna,Male,Australia,Erik Heller,http://www.imsdb.com/scripts/Han0.html,205
Asa Butterfield,Hugo,Male,United Kingdom,Hugo Cabret,https://wikileaks.org/sony/docs/03_03/Mktrsch/Market%20Research/Scripts/Misc/HUGO%20CABRET%204%2021%2010%20(2).pdf,550
Christopher Lee,Hugo,Male,United Kingdom,Monsieur Labisse,https://wikileaks.org/sony/docs/03_03/Mktrsch/Market%20Research/Scripts/Misc/HUGO%20CABRET%204%2021%2010%20(2).pdf,22
Jackie Chan,Kung Fu Panda 2,Male,Hong Kong,Monkey       (voice),http://kungfupanda.wikia.com/wiki/Kung_Fu_Panda_2/Transcript,35
Abbie Cornish,Limitless,Female,Australia,Lindy,http://www.imsdb.com/scripts/Limitless.html,120
Anna Friel,Limitless,Female,United Kingdom,Melissa,http://www.imsdb.com/scripts/Limitless.html,61
Rachel Mcadams,Midnight in Paris,Female,Canada,Inez,http://www.pages.drexel.edu/~i022/splaylib/Screenplay-Midnight_in_Paris.pdf,163
Natalie Portman,No Strings Attached,Female,Israel,Emma,http://www.imsdb.com/scripts/No-Strings-Attached.html,641
Nick Frost,Paul,Male,United Kingdom,Clive Gollings,http://www.imsdb.com/scripts/Paul.html,542
Seth Rogen,Paul,Male,Canada,Paul       (voice),http://www.imsdb.com/scripts/Paul.html,455
Simon Pegg,Paul,Male,United Kingdom,Graeme Willy,http://www.imsdb.com/scripts/Paul.html,504
Ian Mcshane,Pirates of the Caribbean: On Stranger Tides,Male,United Kingdom,Blackbeard,http://thescriptsavant.com/pdf/Pirates_Of_The_Caribbean_On_Stranger_Tides.pdf,262
Paul Bettany,Priest,Male,United Kingdom,Priest,http://www.imsdb.com/scripts/Priest.html,632
Gary Oldman,Red Riding Hood,Male,United Kingdom,Solomon,http://www.imsdb.com/scripts/Red-Riding-Hood.html,193
Andy Serkis,Rise of the Planet of the Apes,Male,United Kingdom,Caesar,http://www.imsdb.com/scripts/Rise-of-the-Planet-of-the-Apes.html,505
Freida Pinto,Rise of the Planet of the Apes,Female,India,Caroline Aranha,http://www.imsdb.com/scripts/Rise-of-the-Planet-of-the-Apes.html,35
Neve Campbell,Scream 4,Female,Canada,Sidney Prescott,http://scream-trilogy.net/wp-content/uploads/Scre4mFanscript.pdf,343
Jared Harris,Sherlock Holmes: A Game of Shadows,Male,United Kingdom,Professor James Moriarty,http://www.raindance.co.uk/site/picture/upload/image/books/Sherlock_Holmes.pdf,2
Jude Law,Sherlock Holmes: A Game of Shadows,Male,United Kingdom,Dr. John Watson,http://www.raindance.co.uk/site/picture/upload/image/books/Sherlock_Holmes.pdf,359
Emily Blunt,The Adjustment Bureau,Female,United Kingdom,Elise Sellas,"http://www.imsdb.com/scripts/Adjustment-Bureau,-The.html",308
Jean Dujardin,The Artist,Male,France,George Valentin,"http://www.pages.drexel.edu/~i022/splaylib/Screenplay-Artist,_The.pdf",
Bill Nighy,The Best Exotic Marigold Hotel,Male,United Kingdom,Douglas Ainslie,"http://www.imsdb.com/scripts/Best-Exotic-Marigold-Hotel,-The.html",199
Judi Dench,The Best Exotic Marigold Hotel,Female,United Kingdom,Evelyn Greenslade,"http://www.imsdb.com/scripts/Best-Exotic-Marigold-Hotel,-The.html",270
Maggie Smith,The Best Exotic Marigold Hotel,Female,United Kingdom,Muriel Donnelly,"http://www.imsdb.com/scripts/Best-Exotic-Marigold-Hotel,-The.html",163
Ryan Reynolds,The Change-Up,Male,Canada,Mitch Planko,"http://www.imsdb.com/scripts/Change-Up,-The.html",722
Christopher Plummer,The Girl with the Dragon Tattoo,Male,Canada,Henrik Vanger,"http://www.imsdb.com/scripts/Girl-with-the-Dragon-Tattoo,-The.html",46
Daniel Craig,The Girl with the Dragon Tattoo,Male,United Kingdom,Mikael Blomkvist,"http://www.imsdb.com/scripts/Girl-with-the-Dragon-Tattoo,-The.html",33
Donald Sutherland,The Mechanic,Male,Canada,Harry McKenna,"http://www.imsdb.com/scripts/Mechanic,-The.html",32
Jason Statham,The Mechanic,Male,United Kingdom,Arthur Bishop,"http://www.imsdb.com/scripts/Mechanic,-The.html",24
Amy Adams,The Muppets,Female,Italy,Mary,http://www.dailyscript.com/scripts/TheGreatestMuppetMovieofAllTimebyJasonSegelandNicholasStoller10-30-09.pdf,96
Robert Pattinson,The Twilight Saga: Breaking Dawn - Part 1,Male,United Kingdom,Edward Cullen,http://transcripts.foreverdreaming.org/viewtopic.php?f=150&t=9148,181
Anthony Hopkins,Thor,Male,United Kingdom,Odin,http://www.imsdb.com/scripts/Thor.html,175
Chris Hemsworth,Thor,Male,Australia,Thor,http://www.imsdb.com/scripts/Thor.html,644
Natalie Portman,Thor,Female,Israel,Jane Foster,http://www.imsdb.com/scripts/Thor.html,323
Diane Kruger,Unknown,Female,Germany,Gina,http://www.imsdb.com/scripts/Unknown.html,276
Liam Neeson,Unknown,Male,United Kingdom,Dr. Martin Harris,http://www.imsdb.com/scripts/Unknown.html,872
David Thewlis,War Horse,Male,United Kingdom,Lyons,http://www.imsdb.com/scripts/War-Horse.html,71
Emily Watson,War Horse,Female,United Kingdom,Rose Narracott,http://www.imsdb.com/scripts/War-Horse.html,5
Jeremy Irvine,War Horse,Male,United Kingdom,Albert Narracott,http://www.imsdb.com/scripts/War-Horse.html,361
Christoph Waltz,Water for Elephants,Male,Austria,August,http://www.imsdb.com/scripts/Water-for-Elephants.html,531
Robert Pattinson,Water for Elephants,Male,United Kingdom,Jacob,http://www.imsdb.com/scripts/Water-for-Elephants.html,1056
James Mcavoy,X: First Class,Male,United Kingdom,Charles Xavier (24 Years),http://transcripts.wikia.com/wiki/X-Men:_First_Class,235
Natalie Portman,Your Highness,Female,Israel,Isabel,http://www.joblo.com/scripts/yourhighness.pdf,
Alex Russell,Chronicle,Male,Australia,Matt Garetty,http://1e36a764da2f6b46c156-0fa6f106d654e15326ee14d2a07c02d0.r64.cf1.rackcdn.com/2012/10/CHRONICLE-Origi0l-Script.pdf,417
Hugh Grant,Cloud Atlas,Male,United Kingdom,Rev. Giles Horrox /              Hotel Heavy /              Lloyd Hooks /              Denholme Cavendish /              Seer Rhee /              Kona Chief,https://alexcassun.files.wordpress.com/2012/08/cloud-atlas.pdf,
Christoph Waltz,Django Unchained,Male,Austria,Dr. King Schultz,http://www.imsdb.com/scripts/Django-Unchained.html,425
Catherine O'Hara,Frankenweenie,Female,Canada,Mrs. Frankenstein /              Weird Girl /              Gym Teacher       (voice),http://scriptslug.com/assets/uploads/scripts/frankenweenie-2012.pdf,121
Martin Short,Frankenweenie,Male,Canada,Mr. Frankenstein /              Mr. Burgemeister /              Nassor       (voice),http://scriptslug.com/assets/uploads/scripts/frankenweenie-2012.pdf,82
Salma Hayek,Here Comes the Boom,Female,Mexico,Bella Flores,https://wikileaks.org/sony/docs/03_03/Mktrsch/Market%20Research/Scripts/Released/Here%20Comes%20the%20Boom.pdf,128
Hugh Jackman,Les Miserables,Male,Australia,Jean Valjean,http://screenplayexplorer.com/wp-content/scripts/lesmiserables.pdf,395
Russell Crowe,Les Miserables,Male,New Zealand,Javert,http://screenplayexplorer.com/wp-content/scripts/lesmiserables.pdf,174
Irrfan Khan,Life of Pi,Male,India,Adult Pi Patel,http://www.imsdb.com/scripts/Life-of-Pi.html,93
Suraj Sharma,Life of Pi,Male,India,Pi Patel,http://www.imsdb.com/scripts/Life-of-Pi.html,342
Daniel Day-Lewis,Lincoln,Male,United Kingdom,Abraham Lincoln,http://www.imsdb.com/scripts/Lincoln.html,402
Bruce Willis,Looper,Male,West Germany,Old Joe,http://www.rcjohnso.com/Looper/Looper.pdf,283
Emily Blunt,Looper,Female,United Kingdom,Sara,http://www.rcjohnso.com/Looper/Looper.pdf,305
Bruce Willis,Moonrise Kingdom,Male,West Germany,Captain Sharp,http://www.pages.drexel.edu/~i022/splaylib/Screenplay-Moonrise_Kingdom.pdf,251
Chris Hemsworth,Red Dawn,Male,Australia,Jed Eckert,http://screenplayexplorer.com/wp-content/scripts/Red-Dawn.pdf,
Isabel Lucas,Red Dawn,Female,Australia,Erica Martin,http://screenplayexplorer.com/wp-content/scripts/Red-Dawn.pdf,
Milla Jovovich,Resident Evil: Retribution,Female,Ukraine,Alice,https://wikileaks.org/sony/docs/03_03/Mktrsch/Market%20Research/Scripts/Released/RE5%20Script%20(Aug%202012).pdf,613
Sienna Guillory,Resident Evil: Retribution,Female,United Kingdom,Jill Valentine,https://wikileaks.org/sony/docs/03_03/Mktrsch/Market%20Research/Scripts/Released/RE5%20Script%20(Aug%202012).pdf,64
Hugh Jackman,Rise of the Guardians,Male,Australia,Bunny       (voice),http://www.imsdb.com/scripts/Rise-of-the-Guardians.html,297
Isla Fisher,Rise of the Guardians,Female,Oman,Tooth       (voice),http://www.imsdb.com/scripts/Rise-of-the-Guardians.html,273
Adelaide Clemens,Silent Hill: Revelation,Female,Australia,Heather /              Alessa,http://www.silenthillmemories.net/shm2/downloads/sh_revelation_origi0l_script.pdf,647
Kit Harington,Silent Hill: Revelation,Male,United Kingdom,Vincent,http://www.silenthillmemories.net/shm2/downloads/sh_revelation_origi0l_script.pdf,276
Sean Bean,Silent Hill: Revelation,Male,United Kingdom,Harry,http://www.silenthillmemories.net/shm2/downloads/sh_revelation_origi0l_script.pdf,140
Charlize Theron,Snow White and the Huntsman,Female,South Africa,Ravenna,http://www.imsdb.com/scripts/Snow-White-and-the-Huntsman.html,276
Chris Hemsworth,Snow White and the Huntsman,Male,Australia,The Huntsman,http://www.imsdb.com/scripts/Snow-White-and-the-Huntsman.html,383
Carmen Ejogo,Sparkle,Female,United Kingdom,Sister,https://wikileaks.org/sony/docs/03_03/Mktrsch/Market%20Research/Scripts/Released/SPARKLE%20PRODUCTION%20DRAFT%20LOCKED%20WHITE%20PAGES%209.20.11.pdf,368
Famke Janssen,Taken 2,Female,Netherlands,Lenore,https://drive.google.com/file/d/0B7l24it2yHvJNW9uN09WQ0Q0c0U/view,
Liam Neeson,Taken 2,Male,United Kingdom,Bryan Mills,https://drive.google.com/file/d/0B7l24it2yHvJNW9uN09WQ0Q0c0U/view,
Mila Kunis,Ted,Female,Ukraine,Lori Collins,http://screenplayexplorer.com/wp-content/scripts/ted.pdf,405
Rhys Ifans,The Amazing Spider-Man,Male,United Kingdom,The Lizard /              Dr. Curt Connors,http://transcripts.wikia.com/wiki/The_Amazing_Spider-Man,68
Anna Hutchison,The Cabin in the Woods,Female,New Zealand,Jules,https://alexcassun.files.wordpress.com/2012/08/cabin-in-the-woods.pdf,
Chris Hemsworth,The Cabin in the Woods,Male,Australia,Curt,https://alexcassun.files.wordpress.com/2012/08/cabin-in-the-woods.pdf,
Christian Bale,The Dark Knight Rises,Male,United Kingdom,Bruce Wayne,https://alexcassun.files.wordpress.com/2012/08/tdkr.pdf,385
Tom Hardy,The Dark Knight Rises,Male,United Kingdom,Bane,https://alexcassun.files.wordpress.com/2012/08/tdkr.pdf,287
Joaquin Phoenix,The Master,Male,Puerto Rico,Freddie Quell,"http://www.imsdb.com/scripts/Master,-The.html",773
Ryan Gosling,The Place Beyond the Pines,Male,Canada,Luke,https://www.raindance.org/wp-content/uploads/The-Place-Beyond-the-Pines.pdf,344
Robert Pattinson,The Twilight Saga: Breaking Dawn - Part 2,Male,United Kingdom,Edward Cullen,http://transcripts.foreverdreaming.org/viewtopic.php?f=150&t=9760,191
Colin Farrell,Total Recall,Male,Ireland,Douglas Quaid /              Hauser,http://www.imsdb.com/scripts/Total-Recall.html,9
Chiwetel Ejiofor,12 Years a Slave,Male,United Kingdom,Solomon Northup,http://www.pages.drexel.edu/~i022/splaylib/Screenplay-12_Years_a_Slave.pdf,689
Rose Byrne,Insidious: Chapter 2,Female,Australia,Renai Lambert,http://www.sellingyourscreenplay.com/wp-content/uploads/screenplay/scripts/Insidious:-Chapter-2.pdf,265
Guy Pearce,Iron Man Three,Male,United Kingdom,Aldrich Killian,http://transcripts.wikia.com/wiki/Iron_Man_3,60
Aaron Taylor-Johnson,Kick-Ass 2,Male,United Kingdom,Dave Lizewski /              Kick-Ass,http://www.joblo.com/scripts/Kick-Ass.pdf,563
Taylor Kitsch,Lone Survivor,Male,Canada,Michael Murphy,https://stephenfollows.com/resource-docs/scripts/Lone%20Survivor.pdf,455
Henry Cavill,Man of Steel,Male,Channel Island,Clark Kent /              Kal-El,http://www.simplyscripts.com/scripts/ManofSteelnSecondDraftn.pdf,314
Andrea Riseborough,Oblivion,Female,United Kingdom,Victoria,http://www.imsdb.com/scripts/Oblivion.html,292
Gerard Butler,Olympus Has Fallen,Male,United Kingdom,Mike Banning,http://www.screenplaydb.com/film/scripts/Olympus%20Has%20Fallen%20-%20script_mod.pdf,396
Charlie Hunnam,Pacific Rim,Male,United Kingdom,Raleigh Becket,https://indiegroundfilms.files.wordpress.com/2014/01/pacific-rim.pdf,410
Idris Elba,Pacific Rim,Male,United Kingdom,Stacker Pentecost,https://indiegroundfilms.files.wordpress.com/2014/01/pacific-rim.pdf,151
Rinko Kikuchi,Pacific Rim,Female,Japan,Mako Mori,https://indiegroundfilms.files.wordpress.com/2014/01/pacific-rim.pdf,278
Judi Dench,Philomena,Female,United Kingdom,Philomena,http://1e36a764da2f6b46c156-0fa6f106d654e15326ee14d2a07c02d0.r64.cf1.rackcdn.com/2014/02/Philome0.pdf,604
Sophie Kennedy Clark,Philomena,Female,United Kingdom,Young Philomena,http://1e36a764da2f6b46c156-0fa6f106d654e15326ee14d2a07c02d0.r64.cf1.rackcdn.com/2014/02/Philome0.pdf,68
Steve Coogan,Philomena,Male,United Kingdom,Martin Sixsmith,http://1e36a764da2f6b46c156-0fa6f106d654e15326ee14d2a07c02d0.r64.cf1.rackcdn.com/2014/02/Philome0.pdf,619
Karl Urban,Riddick,Male,New Zealand,Vaako,http://davidtwohy.com/wp-content/uploads/2016/07/CHRONICLES-OF-RIDDICK-2-June-2003_WaterMark.pdf,200
Chris Hemsworth,Rush,Male,Australia,James Hunt,http://www.dailyscript.com/scripts/RUSH%5B2013%5D-PETER%20MORGAN.pdf,492
Emma Thompson,Saving Mr. Banks,Female,United Kingdom,P.L. Travers,https://stephenfollows.com/resource-docs/scripts/saving-mr-banks-screenplay.pdf,234
Ryan Reynolds,The Croods,Male,Canada,Guy       (voice),http://www.pages.drexel.edu/~i022/splaylib/Screenplay-Croods.pdf,362
Joel Edgerton,The Great Gatsby,Male,Australia,Tom Buchanan,https://stephenfollows.com/resource-docs/scripts/greatgatsby_sp.pdf,328
Ian Mckellen,The Hobbit: The Desolation of Smaug,Male,United Kingdom,Gandalf,http://file3.guildlaunch.net/361833/TheHobbitAUJ-MovieTranscriptWithoutImages.pdf,292
Martin Freeman,The Hobbit: The Desolation of Smaug,Male,United Kingdom,Bilbo,http://file3.guildlaunch.net/361833/TheHobbitAUJ-MovieTranscriptWithoutImages.pdf,494
Richard Armitage,The Hobbit: The Desolation of Smaug,Male,United Kingdom,Thorin,http://file3.guildlaunch.net/361833/TheHobbitAUJ-MovieTranscriptWithoutImages.pdf,236
Toni Collette,The Way Way Back,Female,Australia,Pam,http://www.pages.drexel.edu/~i022/splaylib/Screenplay-Way_Way_Back.pdf,250
Hugh Jackman,The Wolverine,Male,Australia,Logan,http://transcripts.wikia.com/wiki/The_Wolverine,502
Tao Okamoto,The Wolverine,Female,Japan,Mariko,http://transcripts.wikia.com/wiki/The_Wolverine,206
Chris Hemsworth,Thor: The Dark World,Male,Australia,Thor,http://transcripts.wikia.com/wiki/Thor:_The_Dark_World,277
Natalie Portman,Thor: The Dark World,Female,Israel,Jane Foster,http://transcripts.wikia.com/wiki/Thor:_The_Dark_World,269
Tom Hiddleston,Thor: The Dark World,Male,United Kingdom,Loki,http://transcripts.wikia.com/wiki/Thor:_The_Dark_World,174
Perdita Weeks,"As Above, So Below",Female,United Kingdom,Scarlett,http://www.horrorlair.com/movies/scripts/As-Above-So-Below_Dowdle's-2013-15-02.pdf,544
Jim Carrey,Dumb and Dumber To,Male,Canada,Lloyd,http://www.imsdb.com/scripts/Dumb-and-Dumber.html,650
Rosamund Pike,Gone Girl,Female,United Kingdom,Amy Dunne,http://www.dailyscript.com/scripts/GoneGirl_Fi0l_Shooting_Script.pdf,660
Kelly Reilly,Heaven Is for Real,Female,United Kingdom,Sonja Burpo,https://wikileaks.org/sony/docs/03_03/Mktrsch/Market%20Research/Scripts/Released/HEAVEN%20IS%20FOR%20REAL%20April%204%202013-Clean[2]%20Caren%20Beck.pdf,257
Alfie Allen,John Wick,Male,United Kingdom,Iosef Tarasov,http://la-screenwriter.com/wp-content/uploads/2016/07/John-Wick-AKA-Scorn-Derek-Kolstad-6.11.2012.pdf,88
Keanu Reeves,John Wick,Male,Lebanon,John Wick,http://la-screenwriter.com/wp-content/uploads/2016/07/John-Wick-AKA-Scorn-Derek-Kolstad-6.11.2012.pdf,567
Sharlto Copley,Maleficent,Male,South Africa,Stefan,https://www.docdroid.net/9fhh/maleficent.pdf#page=2,
Idris Elba,No Good Deed,Male,United Kingdom,Colin,http://henrybyrd.yolasite.com/resources/NO%20GOOD%20DEED%20screenplay.pdf,
Olivia Cooke,Ouija,Female,United Kingdom,Laine Morris,http://www.horrorlair.com/scripts/Ouija-09-26-13.pdf,684
Christopher Knights,Penguins of Madagascar,Male,United Kingdom,Private       (voice),http://madagascar.wikia.com/wiki/Penguins_of_Madagascar:_The_Movie/Transcript,65
Carmen Ejogo,Selma,Female,United Kingdom,Coretta Scott King,https://static1.squarespace.com/static/507f8be284aebdcd9b934b27/t/56ad4f9b1d07c0f90b2b3c70/1454198770668/SELMA-02.02.14-Paul-Webb-and-Ava-DuVer0y.pdf,84
David Oyelowo,Selma,Male,United Kingdom,"Dr. Martin Luther King, Jr.",https://static1.squarespace.com/static/507f8be284aebdcd9b934b27/t/56ad4f9b1d07c0f90b2b3c70/1454198770668/SELMA-02.02.14-Paul-Webb-and-Ava-DuVer0y.pdf,31
Naomi Watts,St. Vincent,Female,United Kingdom,Daka,http://www.moralpremise.com/ScreenplayStVincent.pdf,160
Ben Kingsley,The Boxtrolls,Male,United Kingdom,Archibald Snatcher       (voice),http://focusguilds2014.com/workspace/media/boxtrolls-screenplay.pdf,428
Jared Harris,The Boxtrolls,Male,United Kingdom,Lord Portley-Rind       (voice),http://focusguilds2014.com/workspace/media/boxtrolls-screenplay.pdf,191
Nick Frost,The Boxtrolls,Male,United Kingdom,Mr. Trout       (voice),http://focusguilds2014.com/workspace/media/boxtrolls-screenplay.pdf,131
Marton Csokas,The Equalizer,Male,New Zealand,Teddy,https://wikileaks.org/sony/docs/03_03/Mktrsch/F%20I%20L%20M%20S/EQUALIZER/Equalizer%2020120625.pdf,167
Brenton Thwaites,The Giver,Male,Australia,Jonas,https://www.scriptbuddy.com/community/?p=4291532310,589
Benedict Cumberbatch,The Imitation Game,Male,United Kingdom,Alan Turing,http://www.benedictcumberbatch.co.uk/wordpress/wp-content/uploads/ScreenplayTIG.pdf,176
Keira Knightley,The Imitation Game,Female,United Kingdom,Joan Clarke,http://www.benedictcumberbatch.co.uk/wordpress/wp-content/uploads/ScreenplayTIG.pdf,258
Matthew Goode,The Imitation Game,Male,United Kingdom,Hugh Alexander,http://www.benedictcumberbatch.co.uk/wordpress/wp-content/uploads/ScreenplayTIG.pdf,180
Eddie Redmayne,The Theory of Everything,Male,United Kingdom,Stephen Hawking,http://focusguilds2014.com/workspace/media/the-theory-of-everything-screenplay.pdf,579
Felicity Jones,The Theory of Everything,Female,United Kingdom,Jane Hawking,http://focusguilds2014.com/workspace/media/the-theory-of-everything-screenplay.pdf,449
Domhnall Gleeson,Unbroken,Male,Ireland,Phil,http://www.sellingyourscreenplay.com/wp-content/uploads/screenplay/scripts/Unbroken.pdf,130
Jack O'Connell,Unbroken,Male,United Kingdom,Louis Zamperini,http://www.sellingyourscreenplay.com/wp-content/uploads/screenplay/scripts/Unbroken.pdf,21
Alexander Ludwig,When the Game Stands Tall,Male,Canada,Chris Ryan,https://wikileaks.org/sony/docs/03_03/Mktrsch/Market%20Research/Scripts/WGST%20TAN%20Script%20Fully%20Collated%2C%206-3-13_%20Andrew%20Ferguson.pdf,246
Hugh Jackman,X-Men: Days of Future Past,Male,Australia,Logan /              Wolverine,http://transcripts.wikia.com/wiki/X-Men:_Days_of_Future_Past,108
Mark Rylance,Bridge of Spies,Male,United Kingdom,Rudolf Abel,http://dreamworksawards.com/download/BOS_screenplay.pdf,22
Cate Blanchett,Carol,Female,Australia,Carol Aird,http://twcguilds.com/wp-content/uploads/2015/09/CAROL_SCRIPT_wCover_R22.pdf,13
Carey Mulligan,Far from the Madding Crowd,Female,United Kingdom,Bathsheba Everdene,http://la-screenwriter.com/wp-content/uploads/2015/12/Far-From-the-Madding-Crowd.pdf,471
Matthias Schoenaerts,Far from the Madding Crowd,Male,Belgium,Gabriel Oak,http://la-screenwriter.com/wp-content/uploads/2015/12/Far-From-the-Madding-Crowd.pdf,335
Michael Sheen,Far from the Madding Crowd,Male,United Kingdom,William Boldwood,http://la-screenwriter.com/wp-content/uploads/2015/12/Far-From-the-Madding-Crowd.pdf,198
Rebel Wilson,Pitch Perfect 2,Female,Australia,Fat Amy,http://screenplays15.universalpictures.com/pitchperfect2/Pitch_Perfect2_Screenplay.pdf,227
Jacob Tremblay,Room,Male,Canada,Jack,http://www.dailyscript.com/scripts/room_script.pdf,736
Emily Blunt,Sicario,Female,United Kingdom,Kate Macer,https://indiegroundfilms.files.wordpress.com/2014/01/sicario-by-taylor-sheridan.pdf,26
Rachel Mcadams,Spotlight,Female,Canada,Sacha Pfeiffer,https://s3.amazo0ws.com/thescriptlab/screenplays/2015/Spotlight-Fi0l-Script.pdf,
Daisy Ridley,Star Wars: The Force Awakens,Female,United Kingdom,Rey,http://www.imsdb.com/scripts/Star-Wars-The-Force-Awakens.html,447
John Boyega,Star Wars: The Force Awakens,Male,United Kingdom,Finn,http://www.imsdb.com/scripts/Star-Wars-The-Force-Awakens.html,414
Oscar Isaac,Star Wars: The Force Awakens,Male,Guatemala,Poe Dameron,http://www.imsdb.com/scripts/Star-Wars-The-Force-Awakens.html,174
Kate Winslet,Steve Jobs,Female,United Kingdom,Joanna Hoffman,http://screenplays15.universalpictures.com/stevejobs/Steve_Jobs_Screenplay.pdf,369
Seth Rogen,Steve Jobs,Male,Canada,Steve Wozniak,http://screenplays15.universalpictures.com/stevejobs/Steve_Jobs_Screenplay.pdf,891
Christian Bale,The Big Short,Male,United Kingdom,Michael Burry,http://www.paramountguilds.com/pdf/the-big-short.pdf,115
Ryan Gosling,The Big Short,Male,Canada,Jared Vennett,http://www.paramountguilds.com/pdf/the-big-short.pdf,98
Eddie Redmayne,The Danish Girl,Male,United Kingdom,Lili,http://focusguilds2015.com/workspace/media/dg-fi0lversion.pdf,379
Bill Melendez,The Peanuts Movie,Male,Mexico,Snoopy /              Woodstock,http://transcripts.wikia.com/wiki/The_Peanuts_Movie,102
Tom Hardy,The Revenant,Male,United Kingdom,John Fitzgerald,http://screenplayexplorer.com/wp-content/scripts/The-Reve0nt.pdf,352
Will Poulter,The Revenant,Male,United Kingdom,Bridger,http://screenplayexplorer.com/wp-content/scripts/The-Reve0nt.pdf,211
Mila Kunis,Bad Moms,Female,Ukraine,Amy,http://www.la-screenwriter.com/wp-content/uploads/2017/04/Bad-Moms.pdf,837
Gemma Jones,Bridget Jones's Baby,Female,United Kingdom,Mum,http://www.universalpicturesawards.com/site-content/uploads/2016/09/BRIDGET-JONESS-BABY-Screenplay.pdf,75
Jim Broadbent,Bridget Jones's Baby,Male,United Kingdom,Dad,http://www.universalpicturesawards.com/site-content/uploads/2016/09/BRIDGET-JONESS-BABY-Screenplay.pdf,41
Morena Baccarin,Deadpool,Female,Brazil,Vanessa,http://s3.foxmovies.com/foxmovies/production/films/103/assets/deadpool_screenplay.pdf-9383757494.pdf,203
Ryan Reynolds,Deadpool,Male,Canada,Wade /              Deadpool,http://s3.foxmovies.com/foxmovies/production/films/103/assets/deadpool_screenplay.pdf-9383757494.pdf,460
Felicity Jones,Inferno,Female,United Kingdom,Sienna Brooks,https://wikileaks.org/sony/docs/03_03/Mktrsch/Market%20Research/Scripts/Inferno_62582.pdf,375
Irrfan Khan,Inferno,Male,India,Harry Sims,https://wikileaks.org/sony/docs/03_03/Mktrsch/Market%20Research/Scripts/Inferno_62582.pdf,21
Art Parkinson,Kubo and the Two Strings,Male,Ireland,Kubo       (voice),http://focusfeaturesguilds2016.com/workspace/uploads/screenplay/kubo_and_the_two_strings_awards-2016-fi0l.pdf,720
Charlize Theron,Kubo and the Two Strings,Female,South Africa,Monkey       (voice),http://focusfeaturesguilds2016.com/workspace/uploads/screenplay/kubo_and_the_two_strings_awards-2016-fi0l.pdf,367
Ryan Gosling,La La Land,Male,Canada,Sebastian,http://www.la-screenwriter.com/wp-content/uploads/2017/02/LA-LA-Land.pdf,570
Nia Vardalos,My Big Fat Greek Wedding 2,Female,Canada,Toula,http://www.universalpicturesawards.com/site-content/uploads/2016/09/MY-BIG-FAT-GREEK-WEDDING-2-Screenplay-1.pdf,430
Emily Blunt,The Girl on the Train,Female,United Kingdom,Rachel,http://la-screenwriter.com/wp-content/uploads/2017/01/THE-GIRL-ON-THE-TRAIN-Screenplay.pdf,708
Rebecca Ferguson,The Girl on the Train,Female,Sweden,Anna,http://la-screenwriter.com/wp-content/uploads/2017/01/THE-GIRL-ON-THE-TRAIN-Screenplay.pdf,263
James Mcavoy,X-Men: Apocalypse,Male,United Kingdom,Professor Charles Xavier,http://transcripts.wikia.com/wiki/X-Men:_Apocalypse,140
Idris Elba,Zootopia,Male,United Kingdom,Chief Bogo       (voice),https://www.scriptdelivery.net/source/resources/screenplays/zootopia.pdf,97
Charlize Theron,Atomic Blonde,Female,South Africa,Lorraine Broughton,https://drive.google.com/file/d/0B2LIeOFHsKVtOC1TMFB5SlZnbFE/view,5
James Mcavoy,Atomic Blonde,Male,United Kingdom,David Percival,https://drive.google.com/file/d/0B2LIeOFHsKVtOC1TMFB5SlZnbFE/view,13
Dan Stevens,Beauty and the Beast,Male,United Kingdom,Beast,http://www.waltdisneystudiosawards.com/media/scripts/beauty_and_the_beast.pdf,302
Emma Watson,Beauty and the Beast,Female,France,Belle,http://www.waltdisneystudiosawards.com/media/scripts/beauty_and_the_beast.pdf,467
Luke Evans,Beauty and the Beast,Male,United Kingdom,Gaston,http://www.waltdisneystudiosawards.com/media/scripts/beauty_and_the_beast.pdf,227
Mark Rylance,Dunkirk,Male,United Kingdom,Mr. Dawson,https://drive.google.com/file/d/0B7O8fCDoB--wdXZFcjRPTlc0UFU/view,110
Hugh Jackman,Logan,Male,Australia,Logan /              X-24,https://dl.dropboxusercontent.com/content_link/LqmpBtXckyn516MBMS4VcTB7qBXWFeDZ822d4SFFmtMPZan38NfQF1Q4o77bVqgi/file,880
Patrick Stewart,Logan,Male,United Kingdom,Charles,https://dl.dropboxusercontent.com/content_link/LqmpBtXckyn516MBMS4VcTB7qBXWFeDZ822d4SFFmtMPZan38NfQF1Q4o77bVqgi/file,265
Kumail Nanjiani,The Big Sick,Male,Pakistan,Kumail,http://www.la-screenwriter.com/wp-content/uploads/2017/11/BIG-SICK_fi0l-script_for-academy.pdf,727
Tilda Swinton,The Curious Case of Benjamin Button,Female,United Kingdom,Elizabeth Abbott,"http://www.imsdb.com/scripts/Curious-Case-of-Benjamin-Button,-The.html",85
Robert Pattinson,Twilight,Male,United Kingdom,Edward Cullen,"http://pu.i.wp.pl/k,NTUyNTc5NjEsODUzNjM0,f,Twilight3.pdf",423
Colin Farrell,Crazy Heart,Male,Ireland,Tommy Sweet,http://www.pages.drexel.edu/~i022/splaylib/Screenplay-Crazy_Heart.pdf,
Sam Neill,Daybreakers,Male,Ireland,Charles Bromley,http://www.joblo.com/scripts/Daybreakers.pdf,
Javier Bardem,Eat Pray Love,Male,Spain,Felipe,https://www.scribd.com/doc/59368253/Script-Eat-Pray-Love,
Jason Isaacs,Green Zone,Male,United Kingdom,Major Briggs,http://www.joblo.com/scripts/Green%20Zone.pdf,
Liam Neeson,The Next Three Days,Male,United Kingdom,Damon Pennington,http://screenplayexplorer.com/wp-content/scripts/The-Next-Three-Days.pdf,39
Rose Byrne,Bridesmaids,Female,USA,Helen,http://www.imsdb.com/scripts/Bridesmaids.html,244
Amy Adams,The Master,Female,Australia,Peggy Dodd,"http://www.imsdb.com/scripts/Master,-The.html",1
Emma Watson,The Perks of Being a Wallflower,Female,United Kingdom,Sam,http://www.pages.drexel.edu/~i022/splaylib/Screenplay-Perks_of_Being_a_Wallflower.pdf,326
Carey Mulligan,The Great Gatsby,Female,United Kingdom,Daisy,https://stephenfollows.com/resource-docs/scripts/greatgatsby_sp.pdf,362
Tim Roth,Selma,Male,United Kingdom,George Wallace,https://static1.squarespace.com/static/507f8be284aebdcd9b934b27/t/56ad4f9b1d07c0f90b2b3c70/1454198770668/SELMA-02.02.14-Paul-Webb-and-Ava-DuVer0y.pdf,18
Ian Mckellen,X-Men: Days of Future Past,Male,United Kingdom,Xavier,http://transcripts.wikia.com/wiki/X-Men:_Days_of_Future_Past,257
Patrick Stewart,X-Men: Days of Future Past,Male,United Kingdom,Erik,http://transcripts.wikia.com/wiki/X-Men:_Days_of_Future_Past,175
Dev Patel,Lion,Male,India,Saroo,http://la-screenwriter.com/wp-content/uploads/2016/12/LION_Script_wCover_R31.pdf,897
Seth Rogen,Sausage Party,Male,Canada,Frank,https://wikileaks.org/sony/docs/03_03/Mktrsch/Market%20Research/Scripts/Sausage%20Party.pdf,